[
    {
        "nombre": "Javier",
        "apellidos": "Ibarra",
        "email": "javier@gma.com",
        "password": "hola",
        "imagen": "default.png"
    },
    {
        "nombre": "Lola",
        "apellidos": "Mu\u00f1oz",
        "email": "lola#@gma.com",
        "password": "124",
        "imagen": "default.png"
    },
    {
        "nombre": "Jose",
        "apellidos": "Antonio",
        "email": "jose@yop.com",
        "password": "123",
        "imagen": "default.png"
    },
    {
        "nombre": "Joma",
        "apellidos": "Gil",
        "email": "joma@sd.com",
        "password": "124",
        "imagen": "default.png"
    },
    {
        "nombre": "Juan",
        "apellidos": "Garc\u00eda",
        "email": "juan@yopmail.com",
        "password": "1234",
        "imagen": "default.png"
    },
    {
        "nombre": "Melania",
        "apellidos": "Pelegr\u00edn",
        "email": "mps@gmail.com",
        "password": "holi",
        "imagen": "1234.png"
    },
    {
        "nombre": "Adrian",
        "apellidos": "Garcia",
        "email": "adri@gma.com",
        "password": "1234",
        "imagen": "default.png"
    },
    {
        "nombre": "Alvaro",
        "apellidos": "Navarro",
        "email": "alavaro@gma.com",
        "password": "$2y$10$hnD.dVObDWD.OCCIuSh6k.ngO\/9cu1LIgWjWBiiWfGnpouspp4xPO",
        "imagen": "default.png"
    },
    {
        "nombre": "Alvaro",
        "apellidos": "Navarro",
        "email": "alavaro1@gma.com",
        "password": "$2y$10$yaYmswmODf3l1YmymcXCiOSU95ZHeFYKdT.Aqh6A\/xyccW0jS4apK",
        "imagen": "default.png"
    },
    {
        "nombre": "javier2",
        "apellidos": "da",
        "email": "javier2@gma.com",
        "password": "$2y$10$2fTDVHbZjPF6758j5VLcE.aQXhvSXOyA6.Q7o0wvp9Fa9N\/Y6h8me",
        "imagen": "default.png"
    },
    {
        "nombre": "Jose",
        "apellidos": "Jos",
        "email": "josejos@kk.com",
        "password": "$2y$10$sH6uT77pvPs0MF\/whkn8Lu9LER\/.Efh..9HnCf2xB.M4kmxfL18Ne",
        "imagen": "default.png"
    },
    {
        "nombre": "josejos",
        "apellidos": "josejos",
        "email": "josejos@kka.com",
        "password": "$2y$10$ULG06usqqJ.z0Mgx1Tr8P.2wsc.SnJ6ExzpFqIlYQ1dDBiUGwtioG",
        "imagen": "default.png"
    }
]